Workbook
Name Week2: 'thru 117'!$69:$69
Name Week2: '118+'!$77:$77
Name Week5: '118+'!$293:$293
Name Week3: 'thru 117'!$141:$141
Name Week1: 'thru 117'!$4:$4
Name Week1: '118+'!$5:$5
Name Week3: '118+'!$149:$149
Name Tempo: #REF!
Name Week4: 'thru 117'!$213:$213
Name Week4: '118+'!$221:$221
Name Week5: 'thru 117'!$285:$285

Sheet 118+
B1: =HYPERLINK("https://wa.me/13106587414?text=Hello%20Michal", "WhatsApp Me") -> WhatsApp Me | I1: =HYPERLINK("mailto:mfiala@fialafitness.com?subject=Training Inquiry", "Email Me") -> Email Me
C2: CURRENT WEEK | D2: JUMP TO: | T2: WORKOUTS IN JANUARY
C3: =IF(WEEKDAY(DATE(YEAR(TODAY()), MONTH(TODAY()), 1), 2) = 7, WEEKNUM(TODAY(), 2) - WEEKNUM(DATE(YEAR(TODAY()), MONTH(TODAY()), 2), 2) + 1, WEEKNUM(TODAY(), 2) - WEEKNUM(DATE(YEAR(TODAY()), MONTH(TODAY()), 1), 2) + 1) -> 5 | D3: WEEK 1 | F3: WEEK 2 | H3: WEEK 3 | K3: WEEK 4 | O3: WEEK 5
C4: Exercise | E4: Sets | F4: Reps | G4: Tempo | H4: Rest | I4: Weight (Lbs) | S4: PR | T4: Notes
B5: WEEK 1
B6: Session 1
C7: TRUE | E7: =IFS(C7=FALSE, "⬅️ Check when DONE", C7=TRUE, "☑️ Workout Completed", TRUE, "") -> ☑️ Workout Completed | I7: 1 | J7: 2 | K7: 3 | L7: 4 | M7: 5 | N7: 6 | O7: 7 | P7: 8 | Q7: 9 | R7: 10 | T7: 45675
B8: A | C8: Db bench press | E8: 4 | F8: 10 | I8: 55 | J8: 60 | K8: 60 | L8: 60
B9: A | C9: Tricep Dips | E9: 4 | F9: 10 | T9: Body weight
B10: B | C10: Flat DB Chest Flies | E10: 4 | F10: 10 | I10: 35 | J10: 35 | K10: 35 | L10: 35
B11: B | C11: Standing overhead single DB tricep behind head thingy | E11: 4 | F11: 10 | I11: 35 | J11: 35 | K11: 35 | L11: 35
C12: =IF(D12<>"", HYPERLINK(VLOOKUP(D12, DATA!H:K, 4, FALSE), D12), "")
C13: =IF(D13<>"", HYPERLINK(VLOOKUP(D13, DATA!H:K, 4, FALSE), D13), "")
C14: =IF(D14<>"", HYPERLINK(VLOOKUP(D14, DATA!H:K, 4, FALSE), D14), "")
C15: =IF(D15<>"", HYPERLINK(VLOOKUP(D15, DATA!H:K, 4, FALSE), D15), "")
B18: Session 2
C19: TRUE | E19: =IFS(C19=FALSE, "⬅️ Check when DONE", C19=TRUE, "☑️ Workout Completed", TRUE, "") -> ☑️ Workout Completed | I19: 1 | J19: 2 | K19: 3 | L19: 4 | M19: 5 | N19: 6 | O19: 7 | P19: 8 | Q19: 9 | R19: 10 | T19: 45676
B20: A | C20: DB Curls | E20: 4 | F20: 10 | I20: 35 | J20: 35 | K20: 35 | L20: 35
B21: C | C21: Hammer Curls | E21: 4 | F21: 10 | I21: 25 | J21: 25 | K21: 25 | L21: 25
B22: B | C22: Incline Dumbbell Row | E22: 4 | F22: 10 | I22: 50 | J22: 50 | K22: 50 | L22: 50
C24: =IF(D24<>"", HYPERLINK(VLOOKUP(D24, DATA!H:K, 4, FALSE), D24), "")
C25: =IF(D25<>"", HYPERLINK(VLOOKUP(D25, DATA!H:K, 4, FALSE), D25), "")
C26: =IF(D26<>"", HYPERLINK(VLOOKUP(D26, DATA!H:K, 4, FALSE), D26), "")
C27: =IF(D27<>"", HYPERLINK(VLOOKUP(D27, DATA!H:K, 4, FALSE), D27), "")
B30: Session 3
C31: TRUE | E31: =IFS(C31=FALSE, "⬅️ Check when DONE", C31=TRUE, "☑️ Workout Completed", TRUE, "") -> ☑️ Workout Completed | I31: 1 | J31: 2 | K31: 3 | L31: 4 | M31: 5 | N31: 6 | O31: 7 | P31: 8 | Q31: 9 | R31: 10 | T31: 45677
B32: A | C32: Squats | I32: 85 | J32: 95 | K32: 95 | L32: 95 | T32: rested muscles otherwise
C33: =IF(D33<>"", HYPERLINK(VLOOKUP(D33, DATA!H:K, 4, FALSE), D33), "")
C34: =IF(D34<>"", HYPERLINK(VLOOKUP(D34, DATA!H:K, 4, FALSE), D34), "")
C35: =IF(D35<>"", HYPERLINK(VLOOKUP(D35, DATA!H:K, 4, FALSE), D35), "")
C36: =IF(D36<>"", HYPERLINK(VLOOKUP(D36, DATA!H:K, 4, FALSE), D36), "")
C37: =IF(D37<>"", HYPERLINK(VLOOKUP(D37, DATA!H:K, 4, FALSE), D37), "")
C38: =IF(D38<>"", HYPERLINK(VLOOKUP(D38, DATA!H:K, 4, FALSE), D38), "")
C39: =IF(D39<>"", HYPERLINK(VLOOKUP(D39, DATA!H:K, 4, FALSE), D39), "")
B42: Session 4
C43: TRUE | E43: =IFS(C43=FALSE, "⬅️ Check when DONE", C43=TRUE, "☑️ Workout Completed", TRUE, "") -> ☑️ Workout Completed | I43: 1 | J43: 2 | K43: 3 | L43: 4 | M43: 5 | N43: 6 | O43: 7 | P43: 8 | Q43: 9 | R43: 10 | T43: 45681
B44: A | C44: Db bench press | E44: 4 | F44: 10 | I44: 55 | J44: 60 | K44: 60 | L44: 60
B45: A | C45: Tricep Dips | E45: 4 | F45: 10 | T45: Body weight
B46: B | C46: Flat DB Chest Flies | E46: 4 | F46: 10 | I46: 35 | J46: 35 | K46: 35 | L46: 35
B47: B | C47: Standing overhead single DB tricep behind head thingy | E47: 4 | F47: 10 | I47: 35 | J47: 35 | K47: 35 | L47: 35
C48: =IF(D48<>"", HYPERLINK(VLOOKUP(D48, DATA!H:K, 4, FALSE), D48), "")
C49: =IF(D49<>"", HYPERLINK(VLOOKUP(D49, DATA!H:K, 4, FALSE), D49), "")
C50: =IF(D50<>"", HYPERLINK(VLOOKUP(D50, DATA!H:K, 4, FALSE), D50), "")
C51: =IF(D51<>"", HYPERLINK(VLOOKUP(D51, DATA!H:K, 4, FALSE), D51), "")
B54: Session 5
C55: TRUE | E55: =IFS(C55=FALSE, "⬅️ Check when DONE", C55=TRUE, "☑️ Workout Completed", TRUE, "") -> ☑️ Workout Completed | I55: 1 | J55: 2 | K55: 3 | L55: 4 | M55: 5 | N55: 6 | O55: 7 | P55: 8 | Q55: 9 | R55: 10 | T55: 45682
B56: A | C56: DB Curls | E56: 4 | F56: 10 | I56: 35 | J56: 35 | K56: 35 | L56: 35 | T56: should seek return to 40 next time
B57: C | C57: Hammer Curls | E57: 4 | F57: 10 | I57: 30 | J57: 30 | K57: 30 | L57: 30
B58: B | C58: Incline Dumbbell Row | E58: 4 | F58: 10 | I58: 50 | J58: 50 | K58: 50 | L58: 50
C59: =IF(D59<>"", HYPERLINK(VLOOKUP(D59, DATA!H:K, 4, FALSE), D59), "")
C60: =IF(D60<>"", HYPERLINK(VLOOKUP(D60, DATA!H:K, 4, FALSE), D60), "")
C61: =IF(D61<>"", HYPERLINK(VLOOKUP(D61, DATA!H:K, 4, FALSE), D61), "")
C62: =IF(D62<>"", HYPERLINK(VLOOKUP(D62, DATA!H:K, 4, FALSE), D62), "")
C63: =IF(D63<>"", HYPERLINK(VLOOKUP(D63, DATA!H:K, 4, FALSE), D63), "")
B66: Session 6
C67: TRUE | E67: =IFS(C67=FALSE, "⬅️ Check when DONE", C67=TRUE, "☑️ Workout Completed", TRUE, "") -> ☑️ Workout Completed | I67: 1 | J67: 2 | K67: 3 | L67: 4 | M67: 5 | N67: 6 | O67: 7 | P67: 8 | Q67: 9 | R67: 10 | T67: 45683
B68: A | C68: Squats | D68: Squat 4-3-1 | E68: 4 | F68: 10 | I68: 95 | J68: 95 | K68: 95 | L68: 95 | T68: 45 lb bar (double check) + 2x25 plates
B69: B | C69: Pullups | E69: 5 | F69: 10 | T69: Body weight
C70: =IF(D70<>"", HYPERLINK(VLOOKUP(D70, DATA!H:K, 4, FALSE), D70), "")
C71: =IF(D71<>"", HYPERLINK(VLOOKUP(D71, DATA!H:K, 4, FALSE), D71), "")
C72: =IF(D72<>"", HYPERLINK(VLOOKUP(D72, DATA!H:K, 4, FALSE), D72), "")
C73: =IF(D73<>"", HYPERLINK(VLOOKUP(D73, DATA!H:K, 4, FALSE), D73), "")
C74: =IF(D74<>"", HYPERLINK(VLOOKUP(D74, DATA!H:K, 4, FALSE), D74), "")
C75: =IF(D75<>"", HYPERLINK(VLOOKUP(D75, DATA!H:K, 4, FALSE), D75), "")
B77: WEEK 2
B78: Session 1
C79: TRUE | E79: =IFS(C79=FALSE, "⬅️ Check when DONE", C79=TRUE, "☑️ Workout Completed", TRUE, "") -> ☑️ Workout Completed | I79: 1 | J79: 2 | K79: 3 | L79: 4 | M79: 5 | N79: 6 | O79: 7 | P79: 8 | Q79: 9 | R79: 10 | T79: 45684
B80: A | C80: Lateral Raises | D80: Squat 4-3-1 | E80: 4 | F80: 10 | I80: 15 | J80: 15 | K80: 17.5 | L80: 20 | T80: Was fine w 20 by the end
B81: B | C81: Overhead DB shoulder press | E81: 4 | F81: 10 | I81: 40 | J81: 40 | K81: 40 | L81: 40 | T81: May be able to go up to 45 next time; one 40 rep was shaky stability wise but otherwise 40 reps were easy-ish
C82: =IF(D82<>"", HYPERLINK(VLOOKUP(D82, DATA!H:K, 4, FALSE), D82), "")
C83: =IF(D83<>"", HYPERLINK(VLOOKUP(D83, DATA!H:K, 4, FALSE), D83), "")
C84: =IF(D84<>"", HYPERLINK(VLOOKUP(D84, DATA!H:K, 4, FALSE), D84), "")
C85: =IF(D85<>"", HYPERLINK(VLOOKUP(D85, DATA!H:K, 4, FALSE), D85), "")
C86: =IF(D86<>"", HYPERLINK(VLOOKUP(D86, DATA!H:K, 4, FALSE), D86), "")
C87: =IF(D87<>"", HYPERLINK(VLOOKUP(D87, DATA!H:K, 4, FALSE), D87), "")
B90: Session 2
C91: TRUE | E91: =IFS(C91=FALSE, "⬅️ Check when DONE", C91=TRUE, "☑️ Workout Completed", TRUE, "") -> ☑️ Workout Completed | I91: 1 | J91: 2 | K91: 3 | L91: 4 | M91: 5 | N91: 6 | O91: 7 | P91: 8 | Q91: 9 | R91: 10 | T91: 45685
B92: A | C92: Db bench press | E92: 4 | F92: 10 | I92: 55 | J92: 60 | K92: 60 | L92: 60
B93: A | C93: Tricep Dips | E93: 4 | F93: 10 | T93: Body weight
B94: B | C94: Flat DB Chest Flies | E94: 4 | F94: 10 | I94: 35 | J94: 35 | K94: 40 | L94: 40 | T94: 40 seemed ok
B95: B | C95: Standing overhead single DB tricep behind head thingy | E95: 4 | F95: 10 | I95: 35 | J95: 35 | K95: 40 | L95: 40 | T95: 40 seemed ok, tho left elbow twinge
C96: =IF(D96<>"", HYPERLINK(VLOOKUP(D96, DATA!H:K, 4, FALSE), D96), "")
C97: =IF(D97<>"", HYPERLINK(VLOOKUP(D97, DATA!H:K, 4, FALSE), D97), "")
C98: =IF(D98<>"", HYPERLINK(VLOOKUP(D98, DATA!H:K, 4, FALSE), D98), "")
C99: =IF(D99<>"", HYPERLINK(VLOOKUP(D99, DATA!H:K, 4, FALSE), D99), "")
B102: Session 3
C103: TRUE | E103: =IFS(C103=FALSE, "⬅️ Check when DONE", C103=TRUE, "☑️ Workout Completed", TRUE, "") -> ☑️ Workout Completed | I103: 1 | J103: 2 | K103: 3 | L103: 4 | M103: 5 | N103: 6 | O103: 7 | P103: 8 | Q103: 9 | R103: 10 | T103: 45686
B104: A | C104: Incline Dumbbell Row | E104: 4 | F104: 10 | I104: 50 | J104: 50 | K104: 50 | L104: 50
B105: A | C105: DB Curls | E105: 4 | F105: 10 | I105: 35 | J105: 35 | K105: 35 | L105: 35 | T105: should seek return to 40 next time
B106: B | C106: Back Machine pull down thing | E106: 4 | F106: 10 | I106: 85 | J106: 85 | K106: 100 | L106: 115 | T106: was testing out, start at 115 next time and can go higher
B107: B | C107: Hammer Curls | E107: 4 | F107: 10 | I107: 30 | J107: 30 | K107: 30 | L107: 30
C109: =IF(D109<>"", HYPERLINK(VLOOKUP(D109, DATA!H:K, 4, FALSE), D109), "")
C110: =IF(D110<>"", HYPERLINK(VLOOKUP(D110, DATA!H:K, 4, FALSE), D110), "")
C111: =IF(D111<>"", HYPERLINK(VLOOKUP(D111, DATA!H:K, 4, FALSE), D111), "")
B114: Session 4
C115: TRUE | E115: =IFS(C115=FALSE, "⬅️ Check when DONE", C115=TRUE, "☑️ Workout Completed", TRUE, "") -> ☑️ Workout Completed | I115: 1 | J115: 2 | K115: 3 | L115: 4 | M115: 5 | N115: 6 | O115: 7 | P115: 8 | Q115: 9 | R115: 10 | T115: 45687
B116: A | C116: Squats | D116: Squat 4-3-1 | E116: 4 | F116: 10 | I116: 95 | J116: 95 | K116: 95 | L116: 95 | T116: 45 lb bar (double check) + 2x25 plates
B117: B | C117: Pullups | E117: 5 | F117: 10 | T117: Body weight
C118: =IF(D118<>"", HYPERLINK(VLOOKUP(D118, DATA!H:K, 4, FALSE), D118), "")
C119: =IF(D119<>"", HYPERLINK(VLOOKUP(D119, DATA!H:K, 4, FALSE), D119), "")
...

Sheet thru 117
B1: =HYPERLINK("https://wa.me/13106587414?text=Hello%20Michal", "WhatsApp Me") -> WhatsApp Me | I1: =HYPERLINK("mailto:mfiala@fialafitness.com?subject=Training Inquiry", "Email Me") -> Email Me
C2: CURRENT WEEK | D2: JUMP TO: | S2: WORKOUTS IN JANUARY | T2: TOTAL WORKOUTS
C3: =IF(WEEKDAY(DATE(YEAR(TODAY()), MONTH(TODAY()), 1), 2) = 7, WEEKNUM(TODAY(), 2) - WEEKNUM(DATE(YEAR(TODAY()), MONTH(TODAY()), 2), 2) + 1, WEEKNUM(TODAY(), 2) - WEEKNUM(DATE(YEAR(TODAY()), MONTH(TODAY()), 1), 2) + 1) -> 5 | D3: WEEK 1 | F3: WEEK 2 | H3: WEEK 3 | K3: WEEK 4 | O3: WEEK 5
B4: WEEK 1
C5: TRUE | D5: =IFS(C5=FALSE, "Session 1", C5=TRUE, "Session 1 Completed", TRUE, "") -> Session 1 Completed | S5: 45575.47
C6: Exercise | E6: Sets | F6: Reps | G6: Tempo | H6: Rest | I6: Weight (Lbs) | S6: Notes | T6: Comments
B7: A | C7: =IF(D7<>"", HYPERLINK(VLOOKUP(D7, DATA!H:K, 4, FALSE), D7), "") -> Bicep Curl | D7: Bicep Curl | E7: 4 | F7: 45453 | G7: Normal | H7: 0s | I7: 25 | J7: 30 | K7: 35 | L7: 35 | M7: 35
B8: A | C8: =IF(D8<>"", HYPERLINK(VLOOKUP(D8, DATA!H:K, 4, FALSE), D8), "") -> Cable Overhead Triceps Extension | D8: Cable Overhead Triceps Extension | E8: 4 | F8: 45580 | G8: Normal | H8: 90s | I8: 50 | J8: 50 | K8: 60 | L8: 60 | M8: 70
B9: B | C9: =IF(D9<>"", HYPERLINK(VLOOKUP(D9, DATA!H:K, 4, FALSE), D9), "") -> Close Grip Bench Press | D9: Close Grip Bench Press | E9: 4 | F9: 45451 | G9: Normal | H9: 0s
B10: B | C10: =IF(D10<>"", HYPERLINK(VLOOKUP(D10, DATA!H:K, 4, FALSE), D10), "") -> Barbell Bicep Curl | D10: Barbell Bicep Curl | E10: 4 | F10: 45451 | G10: Normal | H10: 2 mins
C13: TRUE | D13: =IFS(C13=FALSE, "Session 2", C13=TRUE, "Session 2 Completed", TRUE, "") -> Session 2 Completed | S13: 45575.47
C14: Exercise | E14: Sets | F14: Reps | G14: Tempo | H14: Rest | I14: Weight (Lbs) | S14: Notes | T14: Comments
B15: A | C15: Incline Bench Row (45 degrees) | E15: 4 | F15: 10 | G15: Normal | H15: 0s | I15: 35 | J15: 35 | K15: 40
B16: A | C16: Lateral raise | E16: 4 | F16: 10 | G16: Normal | H16: 0s | I16: 10 | J16: 10 | K16: 15
B17: A | C17: Front raise | E17: 4 | F17: 10 | G17: Normal | H17: 60s | I17: 10 | J17: 10 | K17: 15
B18: B | C18: Dumbbell chest press | E18: 4 | F18: 10 | G18: Normal | H18: 90s | I18: 40 | J18: 40 | K18: 45
B19: B | C19: =IF(D19<>"", HYPERLINK(VLOOKUP(D19, DATA!H:K, 4, FALSE), D19), "") -> Barbell Bent Over Row | D19: Barbell Bent Over Row | E19: 4 | F19: 10 | G19: Normal | H19: 90s
C22: TRUE | D22: =IFS(C22=FALSE, "Session 3", C22=TRUE, "Session 3 Completed", TRUE, "") -> Session 3 Completed | S22: 45586
C23: Exercise | E23: Sets | F23: Reps | G23: Tempo | H23: Rest | I23: Weight (Lbs) | S23: Notes | T23: Comments
B24: A | C24: =IF(D24<>"", HYPERLINK(VLOOKUP(D24, DATA!H:K, 4, FALSE), D24), "") -> Barbell Close Grip Bench Press | D24: Barbell Close Grip Bench Press | E24: 4 | F24: 10 | G24: Normal | H24: 0s | T24: Bench press been too busy both days
B25: A | C25: =IF(D25<>"", HYPERLINK(VLOOKUP(D25, DATA!H:K, 4, FALSE), D25), "") -> Bicep Curl | D25: Bicep Curl | E25: 4 | F25: 10 | G25: Normal | H25: 2 mins | I25: 30 | J25: 35 | K25: 35 | L25: 35
B26: B | C26: =IF(D26<>"", HYPERLINK(VLOOKUP(D26, DATA!H:K, 4, FALSE), D26), "") -> Dips | D26: Dips | E26: 4 | F26: 10 | G26: Normal | H26: 0s
B27: B | C27: =IF(D27<>"", HYPERLINK(VLOOKUP(D27, DATA!H:K, 4, FALSE), D27), "") -> Hammer Curl | D27: Hammer Curl | E27: 4 | F27: 10 | G27: Normal | H27: 2 mins | I27: 30 | J27: 35 | K27: 35 | L27: 35
C29: =IF(D29<>"", HYPERLINK(VLOOKUP(D29, DATA!H:K, 4, FALSE), D29), "")
C30: =IF(D30<>"", HYPERLINK(VLOOKUP(D30, DATA!H:K, 4, FALSE), D30), "")
C31: =IF(D31<>"", HYPERLINK(VLOOKUP(D31, DATA!H:K, 4, FALSE), D31), "")
C34: TRUE | D34: =IFS(C34=FALSE, "Session 4", C34=TRUE, "Session 4 Completed", TRUE, "") -> Session 4 Completed | S34: 45587
C35: Exercise | E35: Sets | F35: Reps | G35: Tempo | H35: Rest | I35: Weight (Lbs) | S35: Notes | T35: Comments
B36: A | C36: pull-ups | E36: 10 | F36: max | G36: Normal | H36: 90s
C37: =IF(D37<>"", HYPERLINK(VLOOKUP(D37, DATA!H:K, 4, FALSE), D37), "")
C38: =IF(D38<>"", HYPERLINK(VLOOKUP(D38, DATA!H:K, 4, FALSE), D38), "")
C39: =IF(D39<>"", HYPERLINK(VLOOKUP(D39, DATA!H:K, 4, FALSE), D39), "")
C40: =IF(D40<>"", HYPERLINK(VLOOKUP(D40, DATA!H:K, 4, FALSE), D40), "")
C41: =IF(D41<>"", HYPERLINK(VLOOKUP(D41, DATA!H:K, 4, FALSE), D41), "")
C42: =IF(D42<>"", HYPERLINK(VLOOKUP(D42, DATA!H:K, 4, FALSE), D42), "")
C43: =IF(D43<>"", HYPERLINK(VLOOKUP(D43, DATA!H:K, 4, FALSE), D43), "")
C46: FALSE | D46: =IFS(C46=FALSE, "Session 5", C46=TRUE, "Session 5 Completed", TRUE, "") -> Session 5
C47: Exercise | E47: Sets | F47: Reps | G47: Tempo | H47: Rest | I47: Weight (Lbs) | S47: Notes | T47: Comments
C48: =IF(D48<>"", HYPERLINK(VLOOKUP(D48, DATA!H:K, 4, FALSE), D48), "")
C49: =IF(D49<>"", HYPERLINK(VLOOKUP(D49, DATA!H:K, 4, FALSE), D49), "")
C50: =IF(D50<>"", HYPERLINK(VLOOKUP(D50, DATA!H:K, 4, FALSE), D50), "")
C51: =IF(D51<>"", HYPERLINK(VLOOKUP(D51, DATA!H:K, 4, FALSE), D51), "")
C52: =IF(D52<>"", HYPERLINK(VLOOKUP(D52, DATA!H:K, 4, FALSE), D52), "")
C53: =IF(D53<>"", HYPERLINK(VLOOKUP(D53, DATA!H:K, 4, FALSE), D53), "")
C54: =IF(D54<>"", HYPERLINK(VLOOKUP(D54, DATA!H:K, 4, FALSE), D54), "")
C55: =IF(D55<>"", HYPERLINK(VLOOKUP(D55, DATA!H:K, 4, FALSE), D55), "")
C58: FALSE | D58: =IFS(C58=FALSE, "Session 6", C58=TRUE, "Session 6 Completed", TRUE, "") -> Session 6
C59: Exercise | E59: Sets | F59: Reps | G59: Tempo | H59: Rest | I59: Weight (Lbs) | S59: Notes | T59: Comments
C60: =IF(D60<>"", HYPERLINK(VLOOKUP(D60, DATA!H:K, 4, FALSE), D60), "")
C61: =IF(D61<>"", HYPERLINK(VLOOKUP(D61, DATA!H:K, 4, FALSE), D61), "")
C62: =IF(D62<>"", HYPERLINK(VLOOKUP(D62, DATA!H:K, 4, FALSE), D62), "")
C63: =IF(D63<>"", HYPERLINK(VLOOKUP(D63, DATA!H:K, 4, FALSE), D63), "")
C64: =IF(D64<>"", HYPERLINK(VLOOKUP(D64, DATA!H:K, 4, FALSE), D64), "")
C65: =IF(D65<>"", HYPERLINK(VLOOKUP(D65, DATA!H:K, 4, FALSE), D65), "")
C66: =IF(D66<>"", HYPERLINK(VLOOKUP(D66, DATA!H:K, 4, FALSE), D66), "")
C67: =IF(D67<>"", HYPERLINK(VLOOKUP(D67, DATA!H:K, 4, FALSE), D67), "")
B69: WEEK 2
C70: TRUE | D70: =IFS(C70=FALSE, "Session 1", C70=TRUE, "Session 1 Completed", TRUE, "") -> Session 1 Completed | S70: 45595
C71: Exercise | E71: Sets | F71: Reps | G71: Tempo | H71: Rest | I71: Weight (Lbs) | S71: Notes | T71: Comments
B72: A | C72: =IF(D72<>"", HYPERLINK(VLOOKUP(D72, DATA!H:K, 4, FALSE), D72), "") -> Barbell Bench Press | D72: Barbell Bench Press | E72: 5 | F72: 45451 | H72: 30s | I72: 45 | J72: 50 | K72: 50 | L72: 50 | M72: 50 | S72: Only dumbbells available
B73: A | C73: =IF(D73<>"", HYPERLINK(VLOOKUP(D73, DATA!H:K, 4, FALSE), D73), "") -> Pull Ups | D73: Pull Ups | E73: 5 | F73: max | H73: 3 mins | S73: Able to do at least 10 each time
B74: B | C74: =IF(D74<>"", HYPERLINK(VLOOKUP(D74, DATA!H:K, 4, FALSE), D74), "") -> #N/A | D74: Dumbbell Flies | E74: 4 | F74: 12 | H74: 15s | I74: 30 | J74: 30 | K74: 30 | L74: 30
B75: B | C75: =IF(D75<>"", HYPERLINK(VLOOKUP(D75, DATA!H:K, 4, FALSE), D75), "") -> Bent Over Reverse Flyes | D75: Bent Over Reverse Flyes | E75: 4 | F75: 12 | H75: 2 mins | S75: Wasn't confident in form / shoulder felt like it was stretching so out of caution skipped
B76: C | C76: =IF(D76<>"", HYPERLINK(VLOOKUP(D76, DATA!H:K, 4, FALSE), D76), "") -> Push ups | D76: Push ups | E76: 3 | F76: max | H76: 60s | S76: Cut for logistical constraints (no good spot to do, had already done warmup on bench, prevent overkill on wrist, etc.)
C77: =IF(D77<>"", HYPERLINK(VLOOKUP(D77, DATA!H:K, 4, FALSE), D77), "")
C78: =IF(D78<>"", HYPERLINK(VLOOKUP(D78, DATA!H:K, 4, FALSE), D78), "")
C79: =IF(D79<>"", HYPERLINK(VLOOKUP(D79, DATA!H:K, 4, FALSE), D79), "")
C82: TRUE | D82: =IFS(C82=FALSE, "Session 2", C82=TRUE, "Session 2 Completed", TRUE, "") -> Session 2 Completed | S82: 45597
C83: Exercise | E83: Sets | F83: Reps | G83: Tempo | H83: Rest | I83: Weight (Lbs) | S83: Notes | T83: Comments
B84: A | C84: Bicep curls | E84: 3 | F84: 10 | I84: 30 | J84: 35 | K84: 35
B85: A | C85: Narrow Push ups | E85: 3 | F85: 10 | S85: On bench
B86: B | C86: Reverse Bicep Curl | D86: bicep curl | E86: 3 | F86: 10 | I86: 20 | J86: 20 | K86: 20
B87: B | C87: Tricep Dips over the bench | E87: 3 | F87: 10
B88: C | C88: Hammer Curls | E88: 3 | F88: 10 | I88: 25 | J88: 25 | K88: 25
B89: C | C89: Narrow Dumbbell Bench Press | E89: 3 | F89: 10 | I89: 25 | J89: 25 | K89: 25
C90: =IF(D90<>"", HYPERLINK(VLOOKUP(D90, DATA!H:K, 4, FALSE), D90), "")
C91: =IF(D91<>"", HYPERLINK(VLOOKUP(D91, DATA!H:K, 4, FALSE), D91), "")
C94: TRUE | D94: =IFS(C94=FALSE, "Session 3", C94=TRUE, "Session 3 Completed", TRUE, "") -> Session 3 Completed | S94: 45598
C95: Exercise --> | E95: Sets | F95: Reps | G95: Tempo | H95: Rest | I95: Weight (Lbs) | T95: Comments
B96: A | C96: =IF(D96<>"", HYPERLINK(VLOOKUP(D96, DATA!H:K, 4, FALSE), D96), "") -> Barbell Bench Press | D96: Barbell Bench Press | E96: 4 | F96: 10 | I96: 50 | J96: 50 | K96: 50 | L96: 50 | S96: Switched to dumbbell
B97: A | C97: =IF(D97<>"", HYPERLINK(VLOOKUP(D97, DATA!H:K, 4, FALSE), D97), "") -> DB Flat Chest Fly | D97: DB Flat Chest Fly | E97: 4 | F97: 10 | I97: 30 | J97: 30 | K97: 30 | L97: 30
B98: B | C98: =IF(D98<>"", HYPERLINK(VLOOKUP(D98, DATA!H:K, 4, FALSE), D98), "") -> DB Incline Chest Press | D98: DB Incline Chest Press | E98: 4 | F98: 10 | I98: 30 | J98: 30 | K98: 30 | L98: 30
B99: B | C99: Pushups | E99: 4 | F99: 10
B100: C | C100: =IF(D100<>"", HYPERLINK(VLOOKUP(D100, DATA!H:K, 4, FALSE), D100), "") -> Tricep Dips | D100: Tricep Dips | E100: 3 | F100: max | S100: 25-25-31 reps
C101: =IF(D101<>"", HYPERLINK(VLOOKUP(D101, DATA!H:K, 4, FALSE), D101), "")
C102: =IF(D102<>"", HYPERLINK(VLOOKUP(D102, DATA!H:K, 4, FALSE), D102), "")
C103: =IF(D103<>"", HYPERLINK(VLOOKUP(D103, DATA!H:K, 4, FALSE), D103), "")
C106: TRUE | D106: =IFS(C106=FALSE, "Session 4", C106=TRUE, "Session 4 Completed", TRUE, "") -> Session 4 Completed | S106: 45636
C107: Exercise | E107: Sets | F107: Reps | G107: Tempo | H107: Rest | I107: Weight (Lbs) | S107: Notes | T107: Comments
C108: Dumbbell Bicep Curls | D108: bicep | E108: 4 | F108: 10 | I108: 35 | J108: 40 | K108: 40 | L108: 40
C109: Hammer Curls | E109: 4 | F109: 10 | I109: 30 | J109: 30 | K109: 30 | L109: 30
C110: Incline Back Rows | E110: 4 | F110: 10 | I110: 50 | J110: 50 | K110: 50 | L110: 50
C111: =IF(D111<>"", HYPERLINK(VLOOKUP(D111, DATA!H:K, 4, FALSE), D111), "")
C112: =IF(D112<>"", HYPERLINK(VLOOKUP(D112, DATA!H:K, 4, FALSE), D112), "")
C113: =IF(D113<>"", HYPERLINK(VLOOKUP(D113, DATA!H:K, 4, FALSE), D113), "")
C114: =IF(D114<>"", HYPERLINK(VLOOKUP(D114, DATA!H:K, 4, FALSE), D114), "")
C115: =IF(D115<>"", HYPERLINK(VLOOKUP(D115, DATA!H:K, 4, FALSE), D115), "")
C118: TRUE | D118: =IFS(C118=FALSE, "Session 5", C118=TRUE, "Session 5 Completed", TRUE, "") -> Session 5 Completed | S118: 45637
C119: Exercise | E119: Sets | F119: Reps | G119: Tempo | H119: Rest | I119: Weight (Lbs) | S119: Notes | T119: Comments
B120: A | C120: DB Bench Press | E120: 4 | F120: 10 | I120: 50 | J120: 50 | K120: 50 | L120: 50
...

Sheet Dashboard
B1: NAME
B2: TOTAL WORKOUTS 2024: | E2: =SUM(G4:G15) -> #REF!
C3: LEFT GRIP | D3: RIGHT GRIP | E3: WEIGHT (Lbs) | F3: BODY FAT | G3: WORKOUTS
B4: JANUARY | C4: 0 | D4: 0 | E4: 0 | F4: 0 | G4: =#REF! -> #REF!
B5: FEBRUARY | C5: 0 | D5: 0 | E5: 0 | F5: 0 | G5: =Feb!T3 -> #REF!
B6: MARCH | C6: 0 | D6: 0 | E6: 0 | F6: 0 | G6: =Mar!T3 -> #REF!
B7: APRIL | C7: 0 | D7: 0 | E7: 0 | F7: 0 | G7: =Apr!T3 -> #REF!
B8: MAY | C8: 0 | D8: 0 | E8: 0 | F8: 0 | G8: =May!T3 -> #REF!
B9: JUNE | C9: 0 | D9: 0 | E9: 0 | F9: 0 | G9: =Jun!T3 -> #REF!
B10: JULY | C10: 0 | D10: 0 | E10: 0 | F10: 0 | G10: =Jul!T3 -> #REF!
B11: AUGUST | C11: 0 | D11: 0 | E11: 0 | F11: 0 | G11: =Aug!T3 -> #REF!
B12: SEPTEMBER | C12: 0 | D12: 0 | E12: 0 | F12: 0 | G12: =Sep!T3 -> #REF!
B13: OCTOBER | C13: 0 | D13: 0 | E13: 0 | F13: 0 | G13: =Oct!T3 -> #REF!
B14: NOVEMBER | C14: 0 | D14: 0 | E14: 0 | F14: 0 | G14: =Nov!T3 -> #REF!
B15: DECEMBER | C15: 0 | D15: 0 | E15: 0 | F15: 0 | G15: =Dec!T3 -> #REF!
B63: Exercise TEMPO Guide: “Lowering-Pause-Lifting-Hold” 1. Lowering (Eccentric): • What it is: This phase represents the time it takes to lower the weight or your body during an exercise, also known as the eccentric phase. • Example: In a squat, this is the part where you slowly lower yourself down. • Time: The first number in the tempo indicates the seconds to lower. For example, “2” means you take 2 seconds to lower the weight. 2. Pause (Bottom): • What it is: This phase is the pause at the bottom of the movement, where you hold the position before starting to lift again. • Example: In a squat, this is the moment you pause at the lowest point of the squat. • Time: The second number shows how long you pause. For example, “3” means you hold for 3 seconds. 3. Lifting (Concentric): • What it is: This phase is the time it takes to lift the weight or your body back to the starting position, known as the concentric phase. • Example: In a squat, this is when you push yourself back up to a standing position. • Time: The third number indicates the time to lift. For example, “2” means you lift for 2 seconds. 4. Pause (Top): • What it is: This phase is the pause at the top of the movement, where you briefly hold the position before starting the next rep. • Example: In a squat, this is the moment you pause at the top after fully standing up. • Time: The fourth number shows how long you hold. For example, “1” means you hold for 1 second. Example: How to Use the 2321 Tempo If your workout plan includes a tempo of “2321,” here’s how to apply it: • Lowering: 2 seconds to lower the weight (eccentric). • Pause (Bottom): 3 seconds pause at the bottom of the movement. • Lifting: 2 seconds to lift the weight (concentric). • Pause (Top): 1 second hold at the top before the next rep.

Sheet DATA
J1: =MAX(J3:J1231) -> 1229
A2: Sets | B2: Reps | C2: Rest | E2: Tempo | F2: Session | H2: exercise_name | I2: exercise_focus | J2: library_id | K2: exercise_video_link | L2: exercise_description
A3: 1 | B3: 4 - 6 | C3: 0s | D3: A | E3: Normal | F3: 1 | H3: Ab Wheel Iso | I3: Core | J3: 1 | K3: https://www.youtube.com/watch?v=1vDicD_tr9M | L3: Hold ab wheel position for core engagement.
A4: 2 | B4: 6 - 8 | C4: 10s | D4: B | E4: Slow | F4: 2 | H4: Ab Wheel Rollout | I4: Core | J4: 2 | K4: https://www.youtube.com/watch?v=9ZCoAbI7uX0 | L4: Extend fully using ab wheel, engage core to return.
A5: 3 | B5: 8 - 10 | C5: 15s | D5: C | E5: 1111 | F5: 3 | H5: Adductor Mobilization | I5: Legs | J5: 3 | K5: https://www.youtube.com/watch?v=hS82gl2Ea8g | L5: Mobilize hip adductors for better flexibility.
A6: 4 | B6: 8 - 12 | C6: 30s | D6: D | E6: 1112 | F6: 4 | H6: Alternating Barbell Split Jump | I6: Legs | J6: 4 | K6: https://www.youtube.com/watch?v=fiFvoKrHxng | L6: Explosive split jump while alternating legs.
A7: 5 | B7: 12 - 15 | C7: 60s | D7: E | E7: 1113 | F7: 5 | H7: Alternating Bodyweight Split Jump | I7: Legs | J7: 5 | K7: https://www.youtube.com/watch?v=ZiupDCper-M | L7: Jump and switch legs, working lower body power.
A8: 6 | B8: 15 - 20 | C8: 90s | D8: F | E8: 1114 | F8: 6 | H8: Alternating Dumbbell Bench Press | I8: Chest | J8: 6 | K8: https://www.youtube.com/watch?v=p8A3oaWhU6U | L8: Press dumbbells alternately while lying on bench.
A9: 7 | B9: 20 - 25 | C9: 2 mins | D9: G | E9: 1115 | F9: 7 | H9: Alternating Dumbbell Curl | I9: Arms | J9: 7 | K9: https://www.youtube.com/watch?v=iixND1P2lik | L9: Curl dumbbells alternately to work biceps.
A10: 8 | B10: 30s | C10: 3 mins | D10: H | E10: 1116 | F10: 8 | H10: Alternating Dumbell Split Jump | I10: Legs | J10: 8 | K10: https://www.youtube.com/watch?v=e3hCZpHeEZ4 | L10: Jump and switch legs, holding dumbbells.
A11: 9 | B11: 45s | C11: 4 mins | D11: I | E11: 1121 | F11: 9 | H11: Alternating Lateral Lunge Walk | I11: Legs | J11: 9 | K11: https://www.youtube.com/watch?v=-mLAtXQLiTE | L11: Step laterally, alternating sides, engaging leg muscles.
A12: 10 | B12: 60s | C12: 5 mins | E12: 1122 | F12: 10 | H12: Alternating Single Leg V-Up | I12: Core | J12: 10 | K12: https://www.youtube.com/watch?v=0EIDVDbzVNo | L12: Lift alternating legs while performing V-Up motion.
A13: 11 | B13: 2 mins | C13: -- | E13: 1123 | F13: 11 | H13: American KB Swing | I13: Back, Shoulders | J13: 11 | K13: https://www.youtube.com/watch?v=E6GoQYuZZT4 | L13: Swing kettlebell overhead, engaging core and hips.
A14: 12 | B14: 3 mins | E14: 1124 | F14: 12 | H14: Anchored Reverse Crunch | I14: Core | J14: 12 | K14: https://www.youtube.com/watch?v=fcvdXzWoogg | L14: Crunch upward while keeping legs anchored.
B15: 5 mins | E15: 1125 | F15: 13 | H15: Anchored Sit Up | I15: Core | J15: 13 | K15: https://www.youtube.com/watch?v=CBL_WRQjvuY | L15: Perform sit-up while keeping feet anchored.
E16: 1126 | F16: 14 | H16: Anderson Front Squat | I16: Legs | J16: 14 | K16: https://www.youtube.com/watch?v=wFbJajvBZzY | L16: Squat from pins, starting at the bottom.
E17: 1131 | F17: 15 | H17: Anti-Rotation Core Activation | I17: Core | J17: 15 | K17: https://www.youtube.com/watch?v=8KNHP0mN9Lc | L17: Resist rotation to engage core muscles.
E18: 1132 | F18: 16 | H18: Archer Squats | I18: Legs | J18: 16 | K18: https://www.youtube.com/watch?v=p4tsleylZB8 | L18: Squat, alternating side lunges to challenge legs.
E19: 1133 | F19: 17 | H19: Arms Across Stretch | I19: Arms, Shoulders | J19: 17 | K19: https://www.youtube.com/watch?v=-1K0m5ywRcY | L19: Stretch arms across chest to release tension.
E20: 1134 | F20: 18 | H20: Arnold Press | I20: Shoulders | J20: 18 | K20: https://www.youtube.com/watch?v=3ml7BH7mNwQ | L20: Press dumbbells overhead, rotating palms as you press.
E21: 1135 | F21: 19 | H21: Arnold Shoulder Press | I21: Shoulders | J21: 19 | K21: https://www.youtube.com/watch?v=6Z15_WdXmVw | L21: Shoulder press with palms rotating inward.
E22: 1136 | F22: 20 | H22: Around the World Squat | I22: Legs | J22: 20 | K22: https://www.youtube.com/watch?v=xbj6TtFJgIY | L22: Squat while moving weight in circular motion.
E23: 1141 | H23: Around the Worlds (weight optional) | I23: Core | J23: 21 | K23: https://www.youtube.com/watch?v=9uqGfOvtqn0 | L23: Rotate arms holding weight around body.
E24: 1142 | H24: Assisted Bodyweight Squat to Box | I24: Legs | J24: 22 | K24: https://www.youtube.com/watch?v=WnADyvqlfDg | L24: Squat with assistance to a box for controlled movement.
E25: 1143 | H25: Assisted Chin-Ups | I25: Back | J25: 23 | K25: https://www.youtube.com/watch?v=A-uiFTIsgRg | L25: Use assistance to perform chin-ups.
E26: 1144 | H26: Assisted Lateral Squat | I26: Legs | J26: 24 | K26: https://www.youtube.com/watch?v=wTQ_wwE-ZuI | L26: Squat laterally with assistance for balance.
E27: 1145 | H27: Assisted Nordic Curls | I27: Legs | J27: 25 | K27: https://www.youtube.com/watch?v=49Uozp9wfik | L27: Perform Nordic curls with assistance to target hamstrings.
E28: 1146 | H28: Assisted Pull-ups | I28: Back | J28: 26 | K28: https://www.youtube.com/watch?v=wFj808u2HWU | L28: Use assistance to perform pull-ups.
E29: 1151 | H29: Assisted Reverse Lunge With Blocked Knee | I29: Legs | J29: 27 | K29: https://www.youtube.com/watch?v=a2BOfZ1Ll8E | L29: Lunge back with assistance, block knee at floor.
E30: 1152 | H30: Back Extension | I30: Back | J30: 28 | K30: https://www.youtube.com/watch?v=H8Swl1N-uis | L30: Engage lower back muscles by lifting torso off the floor.
E31: 1153 | H31: Back Extension to Y's | I31: Back | J31: 29 | K31: https://www.youtube.com/watch?v=ph3pddpKzzw&pp=ygUVQmFjayBFeHRlbnNpb24gdG8gWSdz | L31: Extend arms to form a Y shape while lifting torso.
E32: 1154 | H32: Back Lunge into Kickback | I32: Legs | J32: 30 | K32: https://www.youtube.com/watch?v=rkpvx4DuJJI&pp=ygUYQmFjayBMdW5nZSBpbnRvIEtpY2tiYWNr | L32: Lunge back, then kick back while engaging glutes.
E33: 1155 | H33: Back Squat | I33: Legs | J33: 31 | K33: https://www.youtube.com/watch?v=ultWZbUMPL8&pp=ygUKQmFjayBTcXVhdA%3D%3D | L33: Place barbell on shoulders, squat while keeping form.
E34: 1156 | H34: Back-Supported Pullover | I34: Back | J34: 32 | K34: https://www.youtube.com/watch?v=FK4rHfWKEac&pp=ygUXQmFjay1TdXBwb3J0ZWQgUHVsbG92ZXI%3D | L34: Engage upper back and chest while extending arms.
... E495: 3245 | H495: Heel Elevated Barbell Squat | I495: Legs | J495: 492 | K495: https://www.youtube.com/shorts/gslEzVggur8 | L495: Engage legs and glutes with squats using elevated heels.
E496: 3246 | H496: Heel Elevated Front Squat | I496: Legs | J496: 1228 | K496: https://youtu.be/s8Hx4udb96M?si=kEu3ZcQWB51xVOLT
E497: 3251 | H497: Heel Elevated Single Hip Thrust | I497: Glutes | J497: 493 | K497: https://www.youtube.com/watch?v=YZW3mw_h_DA&pp=ygUfSGVlbCBFbGV2YXRlZCBTaW5nbGUgSGlwIFRocnVzdA%3D%3D | L497: Perform single hip thrusts with elevated heels for glute engagement.
E498: 3252 | H498: Heel Elevated Step Down | I498: Legs | J498: 494 | K498: https://www.youtube.com/watch?v=mJOCFguZRUE&pp=ygUXSGVlbCBFbGV2YXRlZCBTdGVwIERvd24%3D | L498: Engage leg muscles with step-down exercise using elevated heels.
E499: 3253 | H499: Heel Taps | I499: Cardio | J499: 495 | K499: https://www.youtube.com/watch?v=YIOIGUQMck8&pp=ygUJSGVlbCBUYXBz | L499: Perform heel taps exercise to engage core muscles.
E500: 3254 | H500: Heels Elevated Sumo Squat Pulses | I500: Legs | J500: 496 | K500: https://www.youtube.com/watch?v=iPcEh_orLxI&pp=ygUgSGVlbHMgRWxldmF0ZWQgU3VtbyBTcXVhdCBQdWxzZXM%3D | L500: Engage legs and glutes with sumo squat pulses using elevated heels.
E501: 3255 | H501: Helms Dumbbell Row | I501: Back | J501: 497 | K501: https://www.youtube.com/watch?v=G1UsKHGv_MY&pp=ygUSSGVsbXMgRHVtYmJlbGwgUm93 | L501: Perform dumbbell rows to engage upper back muscles.
E502: 3256 | H502: High Cable Bicep Curl | I502: Arms | J502: 498 | K502: https://www.youtube.com/watch?v=0Gef7oq3cv4&pp=ygUVSGlnaCBDYWJsZSBCaWNlcCBDdXJs | L502: Engage biceps with bicep curls using a high cable attachment.
E503: 3261 | H503: High Five Push-Ups | J503: 1227
E504: 3262 | H504: High Heel Kicks | I504: Cardio | J504: 499 | K504: https://www.youtube.com/shorts/TDgeiFy7_ws | L504: Perform high heel kicks to engage leg muscles.
E505: 3263 | H505: High Knees | I505: Cardio | J505: 500 | K505: https://www.youtube.com/watch?v=DfjpR6dzLVg&pp=ygUKSGlnaCBLbmVlcw%3D%3D | L505: Engage legs and raise knees while jogging in place.
E506: 3264 | H506: High Knees Hands Behind Head | I506: Cardio | J506: 501 | K506: https://www.youtube.com/watch?v=UJC-T11TsQU&pp=ygUcSGlnaCBLbmVlcyBIYW5kcyBCZWhpbmQgSGVhZA%3D%3D | L506: Engage core while performing high knees with hands behind head.
E507: 3265 | H507: High Knees with Overhead Extension | I507: Cardio | J507: 502 | K507: https://www.youtube.com/shorts/OpjDCHAUpaA | L507: Engage core and shoulders with high knees and overhead extension.
E508: 3266 | H508: High Plank to Downward Dog | I508: Core | J508: 503 | K508: https://www.youtube.com/watch?v=J8QhVr5Pvig&pp=ygUaSGlnaCBQbGFuayB0byBEb3dud2FyZCBEb2c%3D | L508: Transition from high plank to downward dog to engage core and stretch.
E509: 3311 | H509: High Pull | I509: Back, Shoulders | J509: 504 | K509: https://www.youtube.com/watch?v=_5tJG8iNpkA&pp=ygUJSGlnaCBQdWxs | L509: Engage upper back and shoulders with high pulls exercise.
E510: 3312 | H510: Hip Abductions | I510: Hips | J510: 505 | K510: https://www.youtube.com/watch?v=CP4LjhZ_Wq0&pp=ygUOSGlwIEFiZHVjdGlvbnM%3D | L510: Engage outer hip muscles with hip abductions exercise.
E511: 3313 | H511: Hip CARS | I511: Hips | J511: 506 | K511: https://www.youtube.com/watch?v=wz1GbxKLkKg&pp=ygUISGlwIENBUlM%3D | L511: Perform controlled articular rotations (CARS) for hip mobility.
E512: 3314 | H512: Hip Dips | I512: Core | J512: 507 | K512: https://www.youtube.com/watch?v=em4gADvYvMA&pp=ygUISGlwIERpcHM%3D | L512: Engage core and lower body with hip dips exercise.
E513: 3315 | H513: Hip Extension Machine | I513: Glutes, Hamstrings | J513: 508 | K513: https://www.youtube.com/watch?v=O0YvpJZsf9I&pp=ygUVSGlwIEV4dGVuc2lvbiBNYWNoaW5l | L513: Engage glutes and hamstrings with hip extension machine.
E514: 3316 | H514: Hip Flexor Rockers | I514: Hips | J514: 509 | K514: https://www.youtube.com/shorts/V4wtvX841A4 | L514: Engage hip flexors with hip flexor rockers exercise.
E515: 3321 | H515: Hip Flexor Stretch | I515: Stretch | J515: 510 | K515: https://www.youtube.com/watch?v=m2UEzPheLYk&pp=ygUSSGlwIEZsZXhvciBTdHJldGNo | L515: Stretch hip flexors to improve flexibility and mobility.
... E646: 3656 | H646: Palm Up Raises | I646: Shoulders | J646: 641 | K646: https://www.youtube.com/watch?v=2DtsvvK2Vng | L646: Raise dumbbells with palms facing up, engage shoulders.
E647: 3661 | H647: Partner Squat | I647: Legs | J647: 1226
E648: 3662 | H648: Pec Minor Broomstick Mobilization | I648: Stretch | J648: 642 | K648: https://www.youtube.com/watch?v=IbATWRMM58A&pp=ygUhUGVjIE1pbm9yIEJyb29tc3RpY2sgTW9iaWxpemF0aW9u | L648: Stretch pec minor muscles with broomstick.
E649: 3663 | H649: Pec Mobilization With Lacrosse Ball | I649: Stretch | J649: 643 | K649: https://www.youtube.com/watch?v=FnTyO4LQxj4&pp=ygUjUGVjIE1vYmlsaXphdGlvbiBXaXRoIExhY3Jvc3NlIEJhbGw%3D | L649: Mobilize and release tension in pec muscles.
E650: 3664 | H650: Pelvic Thrusts | I650: Glutes, Core | J650: 644 | K650: https://www.youtube.com/watch?v=OWC4YK_mhF8&pp=ygUOUGVsdmljIFRocnVzdHM%3D | L650: Thrust hips upwards, engage glutes.
E651: 3665 | H651: Pendlay Row | I651: Back | J651: 645 | K651: https://www.youtube.com/watch?v=h4nkoayPFWw&pp=ygULUGVuZGxheSBSb3c%3D | L651: Row barbell towards you, engage back.
E652: 3666 | H652: Pendulum Squat | I652: Legs | J652: 646 | K652: https://www.youtube.com/watch?v=wc2t62qiqAI&pp=ygUOUGVuZHVsdW0gU3F1YXQ%3D | L652: Squat with pendulum motion, engage legs.
E653: 4111 | H653: Pigeon Stretch | I653: Stretch | J653: 647 | K653: https://www.youtube.com/watch?v=op-eDU9eNqM&pp=ygUOUGlnZW9uIFN0cmV0Y2g%3D | L653: Stretch hip and glutes by placing one leg across body.
E654: 4112 | H654: Pike Push-Up | I654: Shoulders, Core | J654: 648 | K654: https://www.youtube.com/watch?v=66x0qQiJ-MA&pp=ygUMUGlrZSBQdXNoLVVw | L654: Push-up with hips lifted, engage shoulders.
E655: 4113 | H655: Piriformis Mobilization | I655: Stretch | J655: 649 | K655: https://www.youtube.com/shorts/1GhiPpQvBCA | L655: Mobilize piriformis muscle with controlled movement.
E656: 4114 | H656: Pistol Squat | I656: Legs | J656: 650 | K656: https://www.youtube.com/watch?v=vq5-vdgJc0I&pp=ygUMUGlzdG9sIFNxdWF0 | L656: Single-leg squat, engage leg muscles.
E657: 4115 | H657: Plank | I657: Core | J657: 651 | K657: https://www.youtube.com/watch?v=yeKv5oX_6GY&pp=ygUFUGxhbms%3D | L657: Hold push-up position, engage core.
E658: 4116 | H658: Plank Alternating Arm/Leg Extensions | I658: Core | J658: 652 | K658: https://www.youtube.com/watch?v=r8aHO-GlPcE&pp=ygUkUGxhbmsgQWx0ZXJuYXRpbmcgQXJtL0xlZyBFeHRlbnNpb25z | L658: Extend opposite arm and leg while planking.
E659: 4121 | H659: Plank Alternating Reaches | I659: Core | J659: 653 | K659: https://www.youtube.com/watch?v=5vGaSkJArwI&pp=ygUZUGxhbmsgQWx0ZXJuYXRpbmcgUmVhY2hlcw%3D%3D | L659: Reach arms forward and out while in plank.
... E1082: 5664 | H1082: Supine Psoas March | I1082: Hip Flexors | J1082: 1076 | K1082: https://youtu.be/MezNdAcVfZE | L1082: March legs while lying on back.
E1083: 5665 | H1083: Supported Squats | I1083: Legs | J1083: 1229
E1084: 5666 | H1084: Swiss ball hamstring curls | I1084: Hamstrings | J1084: 1077 | K1084: https://youtu.be/XkESHgkTdFw | L1084: Curl Swiss ball with feet, engage hamstrings.
E1085: 6111 | H1085: T Bar Row | I1085: Back | J1085: 1078 | K1085: https://youtu.be/yPis7nlbqdY | L1085: Row T-bar attachment with close grip.
E1086: 6112 | H1086: T Spine Rotations | I1086: Spinal Mobility | J1086: 1079 | K1086: https://youtu.be/uMWob72Y-EY | L1086: Rotate thoracic spine side to side.
E1087: 6113 | H1087: T-Bar Close Grip Row | I1087: Back | J1087: 1080 | K1087: https://youtu.be/mUNXh5oFKKY | L1087: Row T-bar attachment with close grip.
E1088: 6114 | H1088: T-Bar Row | I1088: Back | J1088: 1081 | K1088: https://youtu.be/KDEl3AmZbVE | L1088: Row T-bar attachment with standard grip.
E1089: 6115 | H1089: T-Pushup | I1089: Shoulders, Chest | J1089: 1082 | K1089: https://youtu.be/vKaLCCNxMho | L1089: Perform pushup and rotate to T position.
E1090: 6116 | H1090: T-Spine Rotations | I1090: Spinal Mobility | J1090: 1083 | K1090: https://youtu.be/JDgXqqviyu4 | L1090: Rotate thoracic spine side to side.
E1091: 6121 | H1091: Table Top Banded Kickbacks | I1091: Glutes, Hamstrings | J1091: 1084 | K1091: https://youtu.be/faAQrJcDkms | L1091: Perform kickbacks while in table top position.
E1092: 6122 | H1092: Table Top Crunch | I1092: Core | J1092: 1085 | K1092: https://youtu.be/fNx2sexcgbI | L1092: Crunch while in table top position.
E1093: 6123 | H1093: Table Top Kickback | I1093: Glutes, Hamstrings | J1093: 1086 | K1093: https://youtu.be/VOJjWXJrOrM | L1093: Perform kickbacks in table top position.
E1094: 6124 | H1094: Tall Kneeling Ball Slams | I1094: Core, Shoulders | J1094: 1087 | K1094: https://youtu.be/qVqEkYRFPbo | L1094: Slam medicine ball while kneeling.
E1095: 6125 | H1095: Tall-Kneeling Band Chop | I1095: Core, Shoulders | J1095: 1088 | K1095: https://youtu.be/e6XnIBPfGAw | L1095: Chop band downward while kneeling.
... E1231: 6513 | H1231: Zombie Front Squats | I1231: Legs, Core | J1231: 1224 | K1231: https://youtu.be/Siwj8KDU5zI | L1231: Perform front squats with upright posture.
E1232: 6514
E1233: 6515
E1234: 6516
E1235: 6521
E1236: 6522
E1237: 6523
E1238: 6524
E1239: 6525
E1240: 6526
E1241: 6531
E1242: 6532
E1243: 6533
... E1300: 6666
